Best Validation AUC,Final Validation AUC,Best Training Loss,Final Training Loss,Best Validation Loss,Final Validation Loss
1.0,1.0,1.0,1.0,1.0,1.0
0.8991293535337459,0.8991293535337459,0.34522371739149094,0.3467937670648098,0.38380755484104156,0.38380755484104156
,,,,,
0.8991293535337459,0.8991293535337459,0.34522371739149094,0.3467937670648098,0.38380755484104156,0.38380755484104156
0.8991293535337459,0.8991293535337459,0.34522371739149094,0.3467937670648098,0.38380755484104156,0.38380755484104156
0.8991293535337459,0.8991293535337459,0.34522371739149094,0.3467937670648098,0.38380755484104156,0.38380755484104156
0.8991293535337459,0.8991293535337459,0.34522371739149094,0.3467937670648098,0.38380755484104156,0.38380755484104156
0.8991293535337459,0.8991293535337459,0.34522371739149094,0.3467937670648098,0.38380755484104156,0.38380755484104156
