Best Validation AUC,Final Validation AUC,Best Training Loss,Final Training Loss,Best Validation Loss,Final Validation Loss
1.0,1.0,1.0,1.0,1.0,1.0
0.8419025383141763,0.8415333652618134,0.43480565701380813,0.43927138247112235,0.4704639040506803,0.47106030812630284
,,,,,
0.8419025383141763,0.8415333652618134,0.43480565701380813,0.43927138247112235,0.4704639040506803,0.47106030812630284
0.8419025383141763,0.8415333652618134,0.43480565701380813,0.43927138247112235,0.4704639040506803,0.47106030812630284
0.8419025383141763,0.8415333652618134,0.43480565701380813,0.43927138247112235,0.4704639040506803,0.47106030812630284
0.8419025383141763,0.8415333652618134,0.43480565701380813,0.43927138247112235,0.4704639040506803,0.47106030812630284
0.8419025383141763,0.8415333652618134,0.43480565701380813,0.43927138247112235,0.4704639040506803,0.47106030812630284
