Best Validation AUC,Final Validation AUC,Best Training Loss,Final Training Loss,Best Validation Loss,Final Validation Loss
1.0,1.0,1.0,1.0,1.0,1.0
0.8912073857702456,0.8912073857702456,0.3392737993172237,0.3392737993172237,0.40181079506874084,0.40193217247724533
,,,,,
0.8912073857702456,0.8912073857702456,0.3392737993172237,0.3392737993172237,0.40181079506874084,0.40193217247724533
0.8912073857702456,0.8912073857702456,0.3392737993172237,0.3392737993172237,0.40181079506874084,0.40193217247724533
0.8912073857702456,0.8912073857702456,0.3392737993172237,0.3392737993172237,0.40181079506874084,0.40193217247724533
0.8912073857702456,0.8912073857702456,0.3392737993172237,0.3392737993172237,0.40181079506874084,0.40193217247724533
0.8912073857702456,0.8912073857702456,0.3392737993172237,0.3392737993172237,0.40181079506874084,0.40193217247724533
