Best Validation AUC,Final Validation AUC,Best Training Loss,Final Training Loss,Best Validation Loss,Final Validation Loss
1.0,1.0,1.0,1.0,1.0,1.0
0.8189099512842062,0.8102484538316088,0.4191845700144768,0.4192950880527496,0.3948909640312195,0.49143749475479126
,,,,,
0.8189099512842062,0.8102484538316088,0.4191845700144768,0.4192950880527496,0.3948909640312195,0.49143749475479126
0.8189099512842062,0.8102484538316088,0.4191845700144768,0.4192950880527496,0.3948909640312195,0.49143749475479126
0.8189099512842062,0.8102484538316088,0.4191845700144768,0.4192950880527496,0.3948909640312195,0.49143749475479126
0.8189099512842062,0.8102484538316088,0.4191845700144768,0.4192950880527496,0.3948909640312195,0.49143749475479126
0.8189099512842062,0.8102484538316088,0.4191845700144768,0.4192950880527496,0.3948909640312195,0.49143749475479126
